{
  "interactionModel": {
    "languageModel": {
      "invocationName": "hello zibot",
      "intents": [
        {
          "name": "AMAZON.CancelIntent",
          "samples": []
        },
        {
          "name": "AMAZON.HelpIntent",
          "samples": []
        },
        {
          "name": "AMAZON.StopIntent",
          "samples": []
        },
        {
          "name": "AMAZON.FallbackIntent",
          "samples": []
        },
        {
          "name": "GetNewFactIntent",
          "samples": [
            "tell me a zibot fact",
                          "a fact",
                          "tell me a fact",
                          "give me some information",
                          "tell me something",
                          "give me something"
          ],
          "slots": []
        },
        {
          "name": "AboutIntent",
          "samples": [
            "about",
            "tell me about this place"
          ],
          "slots": []
        },

        {
          "name": "CoffeeIntent",
          "samples": [
            "coffee"
          ],
          "slots": []
        },
        {
          "name": "BreakfastIntent",
          "samples": [
            "breakfast"
          ],
          "slots": []
        },
        {
          "name": "LunchIntent",
          "samples": [
            "lunch"
          ],
          "slots": []
        },
        {
          "name": "DinnerIntent",
          "samples": [
            "dinner"
          ],
          "slots": []
        },
        {
          "name": "AttractionIntent",
          "samples": [
            "recommend an attraction",
            "recommend an attraction within {distance} miles",
            "give me an activity",
            "give me an activity within {distance} miles"
          ],
          "slots": [
            {
              "name": "distance",
              "type": "AMAZON.NUMBER",
              "samples": []
            }
          ]
        },

        {
          "name": "GoOutIntent",
          "samples": [
            "go out",
            "go outside",
            "lets go out"
          ],
          "slots": []
        },
        {
          "name": "AMAZON.YesIntent",
          "samples": []
        },
        {
          "name": "AMAZON.NoIntent",
          "samples": []
        },

        {
          "name": "AMAZON.HelpIntent",
          "samples": []
        },
        {
          "name": "AMAZON.StopIntent",
          "samples": []
        },
        {
          "name": "AMAZON.CancelIntent",
          "samples": []
        }
      ]
    }
  }
}
